{	
	"description" : "This file contains key bindings for use with the Math Keyboard AHK script, in the JSON format.",
	"note" : "Only the 'layouts' and 'modifiers' fields are used. Other fields are for humans only. Fonts, escape sequences, and some other things are hard-coded and not configurable.",
	"version" : "0.6.0",
	"layouts" : [
		{	
			"ignore" : "true",
			"name" : "Human-readable name for the layout.",
			"description" : "Optional field used instead of 'name' sometimes.",
			"key" : "The key that activates the layout.",
			"bindings" : [
				"An array that maps keys (left-hand side) to symbols (right-hand side), for example",
				["s", "∫"],
				"The previous example maps S to ∫. Instead of typing the character itself, you can type the unicode codepoint, such as:",
				["X", "0x4512"]
			]
		},{	
			"name" : "General Math",
			"key" : "r",
			"bindings" : [
				["'", "′"],
				["\"", "″"],
				["s", "∫"],
				["S", "∬"],
				["c", "∮"],
				["C", "∯"],
				["w", "∱"],
				["W", "⨑"],
				["d", "∆"],
				["D", "∇"],
				["q", "√"],
				["Q", "∛"],
				["-", "±"],
				["_", "∓"],
				["[", "⌊"],
				["{", "⌈"],
				["],", "⌋"],
				["}", "⌉"],
				["9", "⟨"],
				["(", "⟪"],
				["0", "⟩"],
				[")", "⟫"],
				["x", "×"],
				["X", "⨉"],
				["8", "⋅"],
				["*", "∘"],
				["p", "∂"],
				["\\", "∣"],
				["|", "∥"],
				["5", "∑"],
				["%", "∏"],
				["/", "⋯"],
				["|", "⋮"],
				["=", "≡"],
				["+", "≈"],
				[";", "≅"],
				[":", "≃"],
				["i", "∞"],
				["I", "∝"],
				[",", "≤"],
				["<", "≪"],
				[".", "≥"],
				[">", "≫"],
				["t", "∎"],
				["v", "‖"],
				["V", "│"],
				[" ", " "],
				["b", " "],
				["B", " "],
				["g", " "],
				["G", " "]
			]	
		},{
			"name" : "Logic and Set Theory",
			"key" : "s",
			"bindings" : [
				["[", "∈"],
				["{", "∊"],
				["],", "∋"],
				["}", "∍"],
				["9", "⊂"],
				["(", "⊆"],
				["0", "⊃"],
				[")", "⊇"],
				["c", "ℂ"],
				["h", "ℍ"],
				["n", "ℕ"],
				["p", "ℙ"],
				["q", "ℚ"],
				["r", "ℝ"],
				["z", "ℤ"],
				["o", "∅"],
				["O", "∅"],
				["1", "ℵ"],
				["2", "ℶ"],
				["3", "ℷ"],
				["4", "ℸ"],
				["x", "⊕"],
				["X", "△"],
				["=", "∨"],
				["+", "∪"],
				["8", "∧"],
				["*", "∩"],
				[".", "→"],
				[">", "="],
				[",", "←"],
				["<", "⇐"],
				["/", "↔"],
				["?", "⇔"],
				["\\", "¬"],
				["|", "∖"],
				["t", "⊤"],
				["T", "⊥"],
				["a", "∀"],
				["e", "∃"],
				["-", "─"],
				["_", "━"]
			]
		},{
			"name" : "Misc. Operators",
			"key" : "d",
			"bindings" : [		
				["[", "∈"],
				["{", "∊"],
				["],", "∋"],
				["}", "∍"],
				["9", "⊂"],
				["(", "⊆"],
				["0", "⊃"],
				[")", "⊇"],
				["c", "ℂ"],
				["h", "ℍ"],
				["n", "ℕ"],
				["p", "ℙ"],
				["q", "ℚ"],
				["r", "ℝ"],
				["z", "ℤ"],
				["o", "∅"],
				["O", "∅"],
				["1", "ℵ"],
				["2", "ℶ"],
				["3", "ℷ"],
				["4", "ℸ"],
				["x", "⊕"],
				["X", "△"],
				["=", "∨"],
				["+", "∪"],
				["8", "∧"],
				["*", "∩"],
				[".", "→"],
				[">", "="],
				[",", "←"],
				["<", "⇐"],
				["/", "↔"],
				["?", "⇔"],
				["\\", "¬"],
				["|", "∖"],
				["t", "⊤"],
				["T", "⊥"],
				["a", "∀"],
				["e", "∃"],
				["-", "─"],
				["_", "━"]
			]
		},{
			"name" : "Greek",
			"key" : "e",
			"mappings" : [
				["A", "Α"],
				["B", "Β"],
				["G", "Γ"],
				["D", "Δ"],
				["E", "Ε"],
				["Z", "Ζ"],
				["H", "Η"],
				["Q", "Θ"],
				["I", "Ι"],
				["K", "Κ"],
				["L", "Λ"],
				["M", "Μ"],
				["N", "Ν"],
				["X", "Ξ"],
				["O", "Ο"],
				["P", "Π"],
				["R", "Ρ"],
				["S", "Σ"],
				["T", "Τ"],
				["U", "Υ"],
				["F", "Φ"],
				["C", "Χ"],
				["Y", "Ψ"],
				["W", "Ω"],
				["a", "α"],
				["b", "β"],
				["g", "γ"],
				["d", "δ"],
				["e", "ε"],
				["z", "ζ"],
				["h", "η"],
				["q", "θ"],
				["i", "ι"],
				["k", "κ"],
				["l", "λ"],
				["m", "μ"],
				["n", "ν"],
				["x", "ξ"],
				["o", "ο"],
				["p", "π"],
				["r", "ρ"],
				["s", "σ"],
				["t", "τ"],
				["u", "υ"],
				["f", "φ"],
				["c", "χ"],
				["y", "ψ"],
				["w", "ω"]
			]
		},{
			"name" : "Subscripts",
			"key" : "3",
			"bindings" : [
				["a", "ᵃ"],
				["b", "ᵇ"],
				["c", "ᶜ"],
				["d", "ᵈ"],
				["e", "ᵉ"],
				["f", "ᶠ"],
				["g", "ᵍ"],
				["h", "ʰ"],
				["i", "ⁱ"],
				["j", "ʲ"],
				["k", "ᵏ"],
				["l", "ˡ"],
				["m", "ᵐ"],
				["n", "ⁿ"],
				["o", "ᵒ"],
				["p", "ᵖ"],
				["r", "ʳ"],
				["s", "ˢ"],
				["t", "ᵗ"],
				["u", "ᵘ"],
				["v", "ᵛ"],
				["w", "ʷ"],
				["x", "ˣ"],
				["y", "ʸ"],
				["z", "ᶻ"],
				["A", "ᴬ"],
				["B", "ᴮ"],
				["D", "ᴰ"],
				["E", "ᴱ"],
				["G", "ᴳ"],
				["H", "ᴴ"],
				["I", "ᴵ"],
				["J", "ᴶ"],
				["K", "ᴷ"],
				["L", "ᴸ"],
				["M", "ᴹ"],
				["N", "ᴺ"],
				["O", "ᴼ"],
				["P", "ᴾ"],
				["R", "ᴿ"],
				["T", "ᵀ"],
				["U", "ᵁ"],
				["W", "ᵂ"],
				["0", "⁰"],
				["1", "¹"],
				["2", "²"],
				["3", "³"],
				["4", "⁴"],
				["5", "⁵"],
				["6", "⁶"],
				["7", "⁷"],
				["8", "⁸"],
				["9", "⁹"],
				["+", "⁺"],
				["-", "⁻"],
				["=", "⁼"],
				["(", "⁽"],
				[")", "⁾"]
			]
		},{
			"name" : "Subscripts",
			"key" : "2",
			"bindings" : [
				["a", "ₐ"],
				["e", "ₑ"],
				["i", "ᵢ"],
				["j", "ⱼ"],
				["o", "ₒ"],
				["s", "ᵣ"],
				["v", "ᵤ"],
				["w", "ᵥ"],
				["x", "ₓ"],
				["0", "₀"],
				["1", "₁"],
				["2", "₂"],
				["3", "₃"],
				["4", "₄"],
				["5", "₅"],
				["6", "₆"],
				["7", "₇"],
				["8", "₈"],
				["9", "₉"],
				["+", "₊"],
				["-", "₋"],
				["=", "₌"],
				["(", "₍"],
				[")", "₎"]
			]
		},{
			"name" : "Upper Diacritics",
			"key" : "5",
			"bindings" : [
				["-", "0x0304"],
				["u", "0x0306"],
				[".", "0x0307"],
				["o", "0x030A"],
				["v", "0x030C"],
				[" ", "0x0301"],
				["=", "0x033F"],
				["_", "0x0305"],
				["U", "0x0311"],
				[">", "0x0308"],
				["O", "0x0366"],
				["V", "0x0302"],
				["\"", "0x030B"],
				["~", "0x0303"]
			]
		},{
			"name" : "Lower Diacritics",
			"key" : "4",
			"bindings" : [
				["-", "0x0331"],
				["u", "0x032E"],
				[".", "0x0323"],
				["o", "0x0325"],
				["v", "0x032C"],
				["'", "0x0317"],
				["=", "0x0333"],
				["_", "0x0332"],
				["U", "0x032F"],
				[">", "0x0324"],
				["V", "0x032D"],
				["\"", "0x0348"],
				["+", "0x0347"]
			]
		}
	],
	"modifiers" : [
		{
			"name" : "Negation",
			"description" : "Negates the previous symbol.",
			"key" : "x",
			"bindings" : [
				["∣", "∤"],
				["≡", "≢"],
				["≅", "≇"],
				["≤", "≰"],
				["≥", "≱"],
				["∥", "∦"],
				["≈", "≉"],
				["≃", "≄"],
				["∈", "∉"],
				["∋", "∌"],
				["⊂", "⊄"],
				["⊃", "⊅"],
				["⊆", "⊈"],
				["⊇", "⊉"],
				["∨", "↓"],
				["∧", "↑"],
				["→", "↛"],
				["←", "↚"],
				["↔", "↮"],
				["⇒", "⇏"],
				["⇐", "⇍"],
				["⇔", "⇎"],
				["∃", "∄"],
				["=", "≠"],
				["⊵", "⋭"],
				["⊴", "⋬"],
				["~", "≁"]
			]
		},{
			"name" : "Advanced",
			"description" : "Advanced form of previous symbol.",
			"key" : "w",
			"bindings" : [
				["′", "‴"],
				["σ", "ς"],
				["∫", "∭"],
				["∬", "⨌"],
				["∮", "∰"],
				["⨑", "∳"],
				["√", "∜"],
				["∑", "∐"],
				["≡", "≋"],
				["≅", "≊"],
				["∅", "━"],
				["∨", "⋁"],
				["∧", "⋀"],
				["∪", "⋃"],
				["∩", "⋂"],
				["⊳", "⊵"],
				["⊲", "⊴"]
			]
		}
	]
}